id,название,бренд,цена,скидка,наличие,рейтинг
195936053,"Материнская плата B650M D3HP AX DDR5, AM5",Gigabyte,12940.0,11332.0,204,4
248114880,"Материнская плата B650 GAMING X AX V2, RTL",Gigabyte,17909.0,15355.0,133,5
250311280,"Материнская плата B650M D3HP, RTL",Gigabyte,11991.0,10434.0,122,5
252834082,"Материнская плата B650M D3HP, RTL",Gigabyte,11991.0,10317.0,125,5
236311628,"Материнская плата B650 AORUS ELITE AX V2, RTL",Gigabyte,20480.0,17737.0,125,4
250311278,"Материнская плата B650 EAGLE, RTL",Gigabyte,14725.0,12785.0,122,5
236311648,"Материнская плата B650 GAMING X AX V2, RTL",Gigabyte,17909.0,15523.0,122,5
252834070,"Материнская плата B650 EAGLE, RTL",Gigabyte,14725.0,12641.0,125,4
248114803,"Материнская плата B650 AORUS ELITE AX V2, RTL",Gigabyte,20480.0,17533.0,125,5
248114875,"Материнская плата B650M AORUS ELITE AX ICE DDR5, AM5",Gigabyte,18961.0,16241.0,125,5
182872736,Материнская плата B760 GAMING X,Gigabyte,15150.0,13151.0,122,4
248114753,Материнская плата B650E AORUS ELITE X AX ICE,Gigabyte,25354.0,21675.0,125,5
288463532,Материнская плата X870 EAGLE WIFI7 AM5 AMD X870 ATX RTL,Gigabyte,25670.0,22198.0,122,5
237702137,"Материнская плата Z790 D ATX, LGA 1700 DDR5",GIGABYTE,34840.0,14922.0,115,5
236311632,"Материнская плата B650 EAGLE AX, RTL",Gigabyte,15593.0,13534.0,125,5
384955729,"Материнская плата B850M DS3H, серо-черная",GIGABYTE,32920.0,14069.0,78,0
272696412,Материнская плата X870 GAMING X WIFI7 AM5 AMD X870 ATX RTL,Gigabyte,27707.0,23950.0,122,5
236311626,Материнская плата B650E AORUS ELITE X AX ICE,Gigabyte,25354.0,21929.0,125,5
237684416,"Материнская плата B760M GAMING X AX, Micro-ATX LGA 1700 DDR5",GIGABYTE,30780.0,13157.0,76,5
370530376,Материнская плата B850M GAMING X WF6E,GIGABYTE,41460.0,17693.0,73,0
283341444,"Материнская плата A620M H (AM5, mATX)",Gigabyte,8199.0,7093.0,42,4
248114914,"Материнская плата B650M S2H, Socket AM5, mATX, RTL",Gigabyte,9701.0,8370.0,125,5
288608396,Материнская плата B650E AORUS STEALTH ICE AM5 AMD B650 ATX R,Gigabyte,29851.0,25495.0,122,4
195936037,"Материнская плата B650M AORUS ELITE AX ICE DDR5, AM5",Gigabyte,18961.0,16398.0,92,5
354780529,B650 EAGLE AX материнская плата,Gigabyte,19724.0,12534.0,108,5
288608522,Материнская плата X870 EAGLE WIFI7 AM5 AMD X870 ATX RTL,Gigabyte,25670.0,21941.0,122,4
248114785,"Материнская плата B650 EAGLE AX, RTL",Gigabyte,15593.0,13379.0,125,5
398154420,Материнская плата B840M D2H AM5 AMD B840 mATX RTL,Gigabyte,10768.0,9274.0,122,0
280442782,Материнская плата H610M H V2 Soc-1700,GIGABYTE,8365.0,6945.0,39,5
237702148,"Материнская плата Z790 EAGLE AX ATX, LGA 1700 DDR5",GIGABYTE,41460.0,17724.0,104,5
258001723,Материнская плата B650M AORUS ELITE,Gigabyte,18072.0,15663.0,122,5
280442847,X870E AORUS ELITE WIFI7 Материнская плата,GIGABYTE,42699.0,30551.0,73,5
284262802,Материнская плата B760 S1700 MATX B760M DS3H,Gigabyte,17566.0,9561.0,44,0
229981269,B650M ИГРОВОЙ WIFI,Gigabyte,9249.0,9314.0,65,5
366101212,X870E AORUS PRO ICE материнская плата,Gigabyte,42442.0,30666.0,108,5
366750870,Материнская плата B860M A ELITE WIFI6E Soc-1851,Gigabyte,25322.0,21827.0,51,0
284262789,Материнская плата H610 S1700 MATX H610M S2H V2,Gigabyte,10701.0,6474.0,32,0
338548004,Материнская плата B650M S2H,Gigabyte,10650.0,9214.0,55,5
284262776,Материнская плата H610 S1700 MATX H610M H V2,Gigabyte,10986.0,6077.0,31,0
179941388,"Материнская плата B760 GAMING X AX (LGA1700, ATX)",Gigabyte,16336.0,14170.0,122,5
280442855,B760M DS3H AX Материнская плата,GIGABYTE,14890.0,12856.0,51,0
280451876,Материнская плата X870 GAMING X WIFI7 SocketAM5,GIGABYTE,30700.0,26466.0,64,0
286295658,Материнская плата Z890 EAGLE LGA1851 Intel Z890 ATX RTL,Gigabyte,21679.0,18765.0,122,5
288608516,Материнская плата X870 GAMING X WIFI7 AM5 AMD X870 ATX RTL,Gigabyte,27707.0,23675.0,125,5
247975865,Материнская плата Asus TUF GAMING B650M-PLUS WIFI AM5 DDR5,Gigabyte,15955.0,16019.0,65,5
212129913,Материнская плата A620M S2H AM5 DDR5,Gigabyte,11131.0,9616.0,44,5
272935297,Материнская плата Z890 EAGLE WIFI7 LGA1851 Intel Z890 ATX RT,Gigabyte,23765.0,20559.0,122,0
312626293,Материнская плата B860M D3HP LGA1851 Intel B860 mATX RTL,Gigabyte,13270.0,11534.0,122,0
253395716,B650M AORUS ELITE AX ICE Материнская плата,GIGABYTE,24386.0,17459.0,53,0
288608487,Материнская плата Z890 UD WIFI6E LGA1851 Intel Z890 ATX RTL,Gigabyte,21868.0,18709.0,122,5
288608416,Материнская плата Z890 AORUS ELITE X ICE LGA1851 Intel Z890,Gigabyte,35977.0,30702.0,122,5
275424855,Материнская плата Z890 AORUS ELITE WIFI7 ICE LGA1851 Intel Z,Gigabyte,30260.0,26145.0,122,5
248114830,"Материнская плата A620M GAMING X (AM5, mATX)",Gigabyte,11563.0,9953.0,125,5
395508853,Материнская плата B860M DS3H WIFI6E LGA1851 Intel B860 mATX,Gigabyte,15874.0,13773.0,122,0
398154376,Материнская плата H810M S2H LGA1851 Intel H810 mATX RTL,Gigabyte,10441.0,9101.0,122,0
288608533,Материнская плата Z890 EAGLE WIFI7 LGA1851 Intel Z890 ATX RT,Gigabyte,24670.0,21091.0,122,5
272696365,Материнская плата Z890 UD WIFI6E LGA1851 Intel Z890 ATX RTL,Gigabyte,21868.0,18928.0,122,5
275424938,Материнская плата Z890M GAMING X LGA1851 Intel Z890 mATX RTL,Gigabyte,20227.0,17517.0,122,5
179941375,"Материнская плата A620M GAMING X (AM5, mATX)",Gigabyte,11563.0,10066.0,122,5
398154416,Материнская плата B840M D2H AM5 AMD B840 mATX RTL,Gigabyte,10768.0,9382.0,122,5
288608497,Материнская плата Z890 AORUS ELITE WIFI7 ICE LGA1851 Intel Z,Gigabyte,30260.0,25843.0,122,5
314544320,Материнская плата B860M EAGLE LGA1851 Intel B860 mATX RTL,Gigabyte,13653.0,11727.0,122,5
288610183,Материнская плата Z890 GAMING X WIFI7 LGA1851 Intel Z890 ATX,Gigabyte,27574.0,23559.0,122,5
275424859,Материнская плата Z890 GAMING X WIFI7 LGA1851 Intel Z890 ATX,Gigabyte,27574.0,23835.0,122,5
288608408,Материнская плата Z890 AORUS PRO ICE LGA1851 Intel Z890 ATX,Gigabyte,39002.0,33273.0,122,5
250159727,Материнская плата B650M S2H microATX,GIGABYTE,11655.0,8450.0,31,5
182872731,Материнская плата B760 DS3H,Gigabyte,13714.0,11916.0,122,5
248114793,Материнская плата B760 DS3H,Gigabyte,13714.0,11781.0,125,5
191291563,"Материнская плата H610M H, Socket 1700, mATX",Gigabyte,7859.0,6883.0,125,5
310856731,Материнская плата H610M H V2 LGA1700 Intel H610 mATX RTL,Gigabyte,7552.0,6576.0,82,5
288608543,Материнская плата Z890M AORUS ELITE WIFI7 ICE LGA1851 Intel,Gigabyte,25150.0,21499.0,122,5
310856722,Материнская плата H610M H V2 LGA1700 Intel H610 mATX RTL,Gigabyte,7552.0,6501.0,82,5
418143089,Материнская плата X870E AORUS PRO ICE SocketAM5 AMD,GIGABYTE,48560.0,35155.0,76,0
248114675,"Материнская плата B650M D3HP AX DDR5, AM5",Gigabyte,13304.0,11446.0,138,5
280442776,Материнская плата X870 A ELITE WIFI7 SocketAM5,GIGABYTE,39128.0,29025.0,86,0
253395708,Материнская плата B760M AORUS ELITE AX Soc-1700,GIGABYTE,18560.0,16012.0,51,0
275424856,Материнская плата Z890 AORUS ELITE X ICE LGA1851 Intel Z890,Gigabyte,35977.0,31062.0,122,5
280442778,Материнская плата X870 EAGLE WIFI7 SocketAM5 AMD,GIGABYTE,27940.0,24104.0,76,0
280442861,Материнская плата B650 EAGLE SocketAM5 AMD B650,GIGABYTE,20403.0,17096.0,76,0
264371355,Материнская плата B650E AORUS STEALTH ICE AM5 AMD B650 ATX R,Gigabyte,29851.0,25793.0,122,5
312626164,Материнская плата B860 EAGLE WIFI6E LGA1851 Intel B860 ATX R,Gigabyte,19676.0,16846.0,122,0
241929421,"Материнская плата B650 GAMING X AX V2, Standard-ATX AM5",GIGABYTE,37460.0,16024.0,104,5
398154381,Материнская плата H810M S2H LGA1851 Intel H810 mATX RTL,Gigabyte,10441.0,8996.0,122,0
312626295,Материнская плата B860 GAMING X WIFI6E LGA1851 Intel B860 AT,Gigabyte,21364.0,18281.0,122,0
239264646,Материнская плата mATX B760M DS3H AX Socket 1700,Gigabyte,16104.0,12100.0,51,0
250159749,Материнская плата H610M H V2 microATX,GIGABYTE,8805.0,6397.0,37,0
239265034,Материнская плата mATX B650M AORUS ELITE Socket AM5,Gigabyte,24014.0,19677.0,58,0
238085311,Материнская плата Socket 1700 B760M DS3H AX mATX,Gigabyte,16154.0,11720.0,51,0
275424853,Материнская плата Z890 AORUS PRO ICE LGA1851 Intel Z890 ATX,Gigabyte,39002.0,33663.0,122,4
370530366,Материнская плата B860M A ELITE WIFI6E,GIGABYTE,45980.0,19607.0,66,0
370530382,Материнская плата B860 A ELITE WF7 ICE,GIGABYTE,50580.0,21585.0,89,0
370530410,Материнская плата B860M GAMING X WIFI6E,GIGABYTE,41460.0,17686.0,66,0
370530404,Материнская плата B860M DS3H WIFI6E,GIGABYTE,36340.0,15488.0,44,0
210698382,"Материнская плата B650M S2H, Socket AM5, mATX, RTL",Gigabyte,9701.0,8467.0,125,4
395508828,Материнская плата B860M AORUS ELITE WIFI6E ICE LGA1851 Intel,Gigabyte,21139.0,19147.0,122,0
380961951,Материнская плата B860M DS3H WIFI6E,Gigabyte,20278.0,15739.0,44,0
327961895,Материнская плата B650M A ELITE AX ICE microATX,GIGABYTE,24295.0,17601.0,51,0
291811337,Материнская плата Z890 A ELITE WF7 ICE,GIGABYTE,63780.0,27225.0,119,0
370530385,Материнская плата B860M A ELT WF6E ICE,GIGABYTE,47060.0,20066.0,66,0
380961910,Материнская плата B860M A ELT WF6E ICE,Gigabyte,29550.0,20396.0,66,0
386451491,"Материнская плата B860 GAMING X WIFI6E, серо-черная",Gigabyte,28725.0,19870.0,108,0
380961908,Материнская плата Z890 AORUS PRO ICE,Gigabyte,45478.0,35314.0,115,0
386451497,"Материнская плата B860 EAGLE WIFI6E, серо-черная",Gigabyte,27567.0,21440.0,104,0
327273173,Материнская плата B650M AORUS ELITE AM5 DDR5,Gigabyte,28741.0,24768.0,51,0
380961882,Материнская плата Z890M A ELITE WF7 ICE,Gigabyte,30300.0,23530.0,78,0
327272981,Материнская плата B650 GAMING X AX V2 AM5 DDR5,Gigabyte,25536.0,22031.0,71,0
301807943,Материнская плата B650 EAGLE AM5 DDR5 ATX,Gigabyte,20558.0,17755.0,76,0
327272997,Материнская плата B650M D3HP AX AM5 DDR5,Gigabyte,16975.0,14649.0,51,0
238085203,Материнская плата Socket AM5 B650M AORUS ELITE mATX,Gigabyte,24034.0,19073.0,58,0
238085294,Материнская плата Socket 1700 B760 GAMING X ATX,Gigabyte,17652.0,12979.0,76,0
242295319,Материнская плата A620M DS3H Socket AM5 AMD A620 4x,Gigabyte,13348.0,9686.0,44,0
291811370,Материнская плата Z890M GAMING X,GIGABYTE,44120.0,18829.0,78,0
380961907,Материнская плата Z890M GAMING X,Gigabyte,27700.0,19135.0,78,0
312626289,Материнская плата B860 EAGLE WIFI6E LGA1851 Intel B860 ATX R,Gigabyte,19676.0,17043.0,122,0
312626158,Материнская плата B860M D3HP LGA1851 Intel B860 mATX RTL,Gigabyte,13270.0,11401.0,122,0
250159783,Материнская плата H610M S2H V2 microATX,GIGABYTE,8595.0,6246.0,37,0
229252647,Материнская плата ATX B760 DS3H Socket 1700,Gigabyte,15786.0,11748.0,73,0
379337575,Материнская плата H610I,Gigabyte,8899.0,8927.0,28,0
176391994,Материнская плата A620M H AM5 mATX,Gigabyte,11122.0,9606.0,42,0
379337630,Материнская плата H610I,Gigabyte,9799.0,8455.0,28,0
320741125,Материнская плата B860M EAGLE LGA1851 Intel B860 mATX RTL,Gigabyte,13653.0,11863.0,122,0
358856793,Материнская плата A620M GAMING X (AM5 mATX),Gigabyte,11299.0,9792.0,75,0
398154406,Материнская плата H810M H LGA1851 Intel H810 mATX RTL,Gigabyte,9879.0,8617.0,122,0
395508811,Материнская плата B860M DS3H WIFI6E LGA1851 Intel B860 mATX,Gigabyte,15874.0,13614.0,122,0
398154342,Материнская плата B860M DS3H LGA1851 Intel B860 mATX RTL,Gigabyte,14792.0,12843.0,122,0
312626153,Материнская плата B860 GAMING X WIFI6E LGA1851 Intel B860 AT,Gigabyte,21364.0,18495.0,122,0
395508805,Материнская плата B860M EAGLE V2 LGA1851 Intel B860 mATX RTL,Gigabyte,13689.0,11894.0,122,0
395508037,Материнская плата B860 DS3H WIFI6E LGA1851 Intel B860 ATX RT,Gigabyte,17216.0,14927.0,122,0
312626155,Материнская плата B860M AORUS ELITE WIFI6E LGA1851 Intel B86,Gigabyte,20865.0,18065.0,122,0
398154386,Материнская плата H810M H LGA1851 Intel H810 mATX RTL,Gigabyte,9879.0,8519.0,122,0
288608490,Материнская плата Z890I AORUS ULTRA LGA1851 Intel Z890 M-ITX,Gigabyte,34721.0,29594.0,82,0
395508793,Материнская плата B860M EAGLE V2 LGA1851 Intel B860 mATX RTL,Gigabyte,13689.0,11757.0,122,0
398154361,Материнская плата H810M GAMING WIFI6 LGA1851 Intel H810 mATX,Gigabyte,12198.0,10612.0,122,0
395508035,Материнская плата B860 DS3H WIFI6E LGA1851 Intel B860 ATX RT,Gigabyte,17216.0,14755.0,122,0
398154348,Материнская плата B860M DS3H LGA1851 Intel B860 mATX RTL,Gigabyte,14792.0,12695.0,122,0
398154373,Материнская плата H810M GAMING WIFI6 LGA1851 Intel H810 mATX,Gigabyte,12198.0,10490.0,122,0
398154409,Материнская плата B840M DS3H AM5 AMD B840 mATX RTL,Gigabyte,11957.0,10405.0,122,0
355732894,"Материнская плата B650M S2H (AM5, mATX)",Gigabyte,9699.0,8385.0,44,0
395508809,Материнская плата B860M AORUS ELITE WIFI6E ICE LGA1851 Intel,Gigabyte,21139.0,18301.0,122,0
398154408,Материнская плата B840M DS3H AM5 AMD B840 mATX RTL,Gigabyte,11957.0,10285.0,122,0
272732394,Материнская плата Z890I AORUS ULTRA LGA1851 Intel Z890 M-ITX,Gigabyte,34721.0,29942.0,82,0
398835891,Материнская плата B650M AORUS ELITE AX microATX,GIGABYTE,27475.0,19898.0,51,0
276111924,Материнская плата B650M D3HP AX microATX,GIGABYTE,15595.0,11316.0,51,0
265412719,Материнская плата B760M DS3H microATX,GIGABYTE,13265.0,9616.0,34,0
423067803,Материнская плата B650 AORUS ELITE AX V2 ATX,GIGABYTE,25725.0,18634.0,51,0
248114763,"Материнская плата B760 GAMING X AX (LGA1700, ATX)",Gigabyte,16336.0,14010.0,125,0
248114735,"Материнская плата H610M H, Socket 1700, mATX",Gigabyte,7859.0,6867.0,187,0
312626192,Материнская плата B860 AORUS ELITE WIFI7 ICE LGA1851 Intel B,Gigabyte,27306.0,23605.0,122,0
312626163,Материнская плата B860 AORUS ELITE WIFI7 ICE LGA1851 Intel B,Gigabyte,27306.0,23332.0,122,0
276990201,Материнская плата B650 GAMING X AX V2 ATX,GIGABYTE,23655.0,17161.0,73,0
242372044,Материнская плата B650 EAGLE Socket AM5 AMD B650 4x,Gigabyte,19766.0,15201.0,73,0
370530391,Материнская плата B860M EAGLE V2,GIGABYTE,29180.0,12462.0,61,0
277592488,Материнская плата X870 A ELITE WIFI7,GIGABYTE,66720.0,28475.0,119,0
423272256,Материнская плата B650M A ELITE AX ICE,GIGABYTE,41040.0,17518.0,76,0
380961899,Материнская плата B860 A ELITE WF7 ICE,Gigabyte,30250.0,21941.0,89,0
380961861,Материнская плата B860M GAMING X WIFI6E,Gigabyte,26025.0,17971.0,66,0
423564833,Материнская плата B650M A ELITE AX ICE,Gigabyte,25775.0,17809.0,76,0
380961973,Материнская плата X870 A ELITE WIFI7,Gigabyte,41900.0,28931.0,104,0
380961880,Материнская плата B850M GAMING X WF6E,Gigabyte,26025.0,17978.0,73,0
386451487,"Материнская плата B850M DS3H, серо-черная",Gigabyte,19000.0,14293.0,78,0
423564848,Материнская плата Z890 EAGLE,Gigabyte,26656.0,20735.0,104,0
423272071,Материнская плата Z890 EAGLE,GIGABYTE,47760.0,20402.0,104,0
380961857,Материнская плата Z890 A ELITE WF7 ICE,Gigabyte,35611.0,27681.0,119,0
380961911,Материнская плата B860M EAGLE V2,Gigabyte,18325.0,12668.0,61,0
384955718,"Материнская плата B860 GAMING X WIFI6E, серо-черная",GIGABYTE,45760.0,19556.0,108,0
243677271,"Материнская плата B650 GAMING X AX V2, Standard-ATX AM5",Gigabyte,21375.0,16280.0,104,0
291811364,Материнская плата X870 GAMING X WIFI7,GIGABYTE,59140.0,25238.0,104,0
243680414,"Материнская плата B760M GAMING X AX, Micro-ATX LGA 1700 DDR5",Gigabyte,19325.0,13371.0,76,0
380961946,Материнская плата B650M D3HP AX,Gigabyte,17575.0,12167.0,76,0
380961978,Материнская плата Z890I AORUS ULTRA,Gigabyte,41944.0,32542.0,78,0
242298910,Материнская плата Socket 1700 B760 DS3H ATX,Gigabyte,15816.0,11498.0,73,0
380961953,Материнская плата X870 GAMING X WIFI7,Gigabyte,33011.0,25654.0,104,0
283489852,Материнская плата B650 AORUS ELITE AX V2,GIGABYTE,45660.0,19513.0,108,0
380961887,Материнская плата B860M A ELITE WIFI6E,Gigabyte,28875.0,19932.0,66,0
380962003,Материнская плата B650 AORUS ELITE AX V2,Gigabyte,28675.0,19836.0,108,0
380961884,Материнская плата X870 EAGLE WIFI7,Gigabyte,31400.0,23057.0,104,0
291811336,Материнская плата Z890 AORUS PRO ICE,GIGABYTE,81480.0,34744.0,115,0
291811335,Материнская плата X870 EAGLE WIFI7,GIGABYTE,53120.0,22680.0,104,0
241929423,"Материнская плата B760 GAMING X, Standard-ATX LGA 1700",GIGABYTE,29980.0,12843.0,102,0
384955560,"Материнская плата B860 EAGLE WIFI6E, серо-черная",GIGABYTE,49380.0,21090.0,104,0
243677841,"Материнская плата B760 GAMING X, Standard-ATX LGA 1700",Gigabyte,18825.0,13064.0,113,0
301808303,Материнская плата B760 GAMING X LGA1700 B760 ATX DDR5,Gigabyte,18730.0,16180.0,73,0
327272998,Материнская плата X870 EAGLE WIFI7 AM5 DDR5,Gigabyte,39005.0,33606.0,62,0
242295370,Материнская плата B650 EAGLE Socket AM5 AMD B650 4x,Gigabyte,19782.0,14703.0,73,0
176391966,Материнская плата Z790 UD 3LGA1700 ATX,Gigabyte,28066.0,24209.0,73,0
297310309,Материнская плата Z890M GAMING X LGA1851 Intel Z890 mATX RTL,Gigabyte,20227.0,17314.0,122,4
288608539,Материнская плата Z890 EAGLE LGA1851 Intel Z890 ATX RTL,Gigabyte,22715.0,19429.0,122,3
401131383,"Материнская плата Z890M GAMING X (LGA1851, ATX)",Gigabyte,20599.0,17805.0,90,0
243680375,"Материнская плата Z790 EAGLE AX ATX, LGA 1700 DDR5",Gigabyte,26025.0,18009.0,104,0
243680399,"Материнская плата Z790 D ATX, LGA 1700 DDR5",Gigabyte,21875.0,15165.0,115,0
237684423,"Материнская плата B650M S2H Micro-ATX, AM5 DDR5",GIGABYTE,21440.0,9179.0,67,3
243680447,"Материнская плата B650M S2H Micro-ATX, AM5 DDR5",Gigabyte,11967.0,9321.0,59,0
250159704,Материнская плата H610M H microATX,GIGABYTE,8165.0,5947.0,49,0
291707191,B650E AORUS ELITE X AX ICE AM5 Материнская плата,Gigabyte,20233.0,20343.0,111,5
340423703,B650M AORUS ELITE AX ICE материнская плата,Gigabyte,19516.0,16658.0,70,5
357665173,Материнская плата B650 AORUS ELITE AX,Gigabyte,65890.0,41451.0,86,0
215439845,B650M ИГРОВОЙ WIFI,Gigabyte,9249.0,9363.0,114,5
272933873,Материнская плата Z890M AORUS ELITE WIFI7 ICE LGA1851 Intel,Gigabyte,25150.0,21761.0,122,5
319739281,"Материнская плата H610M S2H, LGA1700",Gigabyte,14722.0,6496.0,39,0
225816304,материнская плата B650M AORUS ELITE AX ICE,GIGABYTE,30823.0,20157.0,123,0
378715828,Z890M AORUS ELITE WIFI7 ICE материнская плата,Gigabyte,26753.0,17200.0,78,0
378713320,Z890M AORUS ELITE WIFI7 материнская плата,Gigabyte,26753.0,17200.0,78,0
378694329,B760M GAMING X AX материнская плата,Gigabyte,18464.0,12448.0,78,0
339191111,B650M AORUS ELITE AX ICE материнская плата,Gigabyte,19400.0,16549.0,59,5
238085220,Материнская плата Socket AM5 B650 EAGLE AX ATX,Gigabyte,20902.0,18048.0,73,0
365050828,B850M AORUS ELITE WIFI6E ICE материнская плата,Gigabyte,22614.0,19054.0,59,5
342636074,Материнская плата B760 Aorus Elite,Gigabyte,15110.0,13070.0,76,0
270817335,Материнская плата A620M DS3H SocketAM5 AMD A620 4xD,GIGABYTE,10980.0,9486.0,44,0
436464331,B650M GAMING WIFI Материнская плата AMD AM5,Gigabyte,9134.0,9205.0,72,0
225821006,материнская плата Z790M AORUS ELITE AX,GIGABYTE,34546.0,20470.0,1470,0
345358925,Материнская плата B760 DS3H,Gigabyte,13398.0,11644.0,122,0
238085185,Материнская плата Socket AM5 A620M H mATX,Gigabyte,10107.0,8733.0,41,0
338547919,Материнская плата B760 Gaming X,Gigabyte,14910.0,13146.0,324,5
432554730,Материнская плата Z890M AORUS ELITE WIFI7 ICE LGA1851,Gigabyte,20329.0,17380.0,72,0
414313723,B850 AORUS ELITE WIFI7 Материнская плата AM5,Gigabyte,26156.0,22578.0,84,5
283341447,"Материнская плата B760 GAMING X AX (LGA1700, ATX)",Gigabyte,14499.0,12542.0,73,4
301809906,Материнская плата B760 GAMING X LGA1700 B760 ATX DDR5,Gigabyte,20109.0,17366.0,73,0
245258828,Материнская плата A620M S2H AM5 DDR5,Gigabyte,11160.0,9641.0,44,0
327573897,Материнская плата B760 DS3H LGA1700 ATX DDR5,Gigabyte,18920.0,11023.0,122,0
432595289,Z890 EAGLE WIFI7 LGA1851 Материнская плата,Gigabyte,21762.0,18629.0,101,0
432613031,Материнская плата Z890 AORUS PRO ICE LGA1851,Gigabyte,37649.0,32155.0,101,0
432574413,Z890 AORUS ELITE WIFI7 LGA1851 Материнская плата,Gigabyte,26115.0,22335.0,101,0
432483665,Z890 AORUS ELITE WIFI7 ICE LGA1851 Материнская плата,Gigabyte,25954.0,22198.0,101,0
210334419,"Материнская плата, B760M DS3H",Gigabyte,18879.0,10884.0,10,0
384578182,AMD B850M AORUS ELITE WIFI6E ICE Сокет AM5 Материнская плата,Gigabyte,22432.0,19356.0,65,5
413324250,Материнская плата B850I AORUS PRO AM5 Mini-ITX,Gigabyte,29579.0,25461.0,24,5
413569228,B850 AORUS ELITE WIFI7 ICE Материнская плата AM5,Gigabyte,27366.0,23618.0,84,5
196392224,Материнская плата H610M H,GigaByte,13670.0,6414.0,728,0
366106642,X870E AORUS MASTER материнская плата,Gigabyte,65057.0,46978.0,138,5
239265014,Материнская плата ATX B650 EAGLE AX Socket AM5,Gigabyte,20891.0,18039.0,73,5
254793095,Материнская плата B650M D3HP AM5 AMD B650 4xDDR5 mATX,Gigabyte,74092.0,15373.0,81,5
297191870,B650M AORUS ELITE AX ICE AM5 DDR5 материнская плата,Gigabyte,18600.0,16061.0,65,5
224876821,B650M AORUS ELITE AX материнская плата,Gigabyte,18614.0,16450.0,70,5
253395724,B650 AORUS ELITE AX V2 Материнская плата,GIGABYTE,21290.0,18382.0,73,0
316719854,B850M D3HP Материнская плата,GIGABYTE,15870.0,13687.0,39,0
400352502,B850M GAMING X WIFI6E материнская плата AM5,Gigabyte,20949.0,17458.0,70,5
253395715,Материнская плата B650M S2H SocketAM5 AMD B650,GIGABYTE,11913.0,9367.0,44,0
293126246,B650M GAMING WIFI AM5 DDR5,Gigabyte,11388.0,9858.0,65,5
384831367,B850M GAMING X WIFI6E AM5 Материнская плата DDR5,Gigabyte,20000.0,18265.0,65,5
417750527,Материнская плата A620M GAMING X,Gigabyte,14066.0,13117.0,41,0
417750875,Сист.плата B760M DS3H AX 1.2 B760 1700,Gigabyte,17210.0,16086.0,78,0
239264618,Материнская плата mATX B760M DS3H Socket 1700,Gigabyte,14320.0,12359.0,44,5
242371970,Материнская плата A620M DS3H Socket AM5 AMD A620 4x,Gigabyte,13323.0,11501.0,44,5
186901622,"Материнская плата, модель B650M D3HP",Gigabyte,21583.0,14505.0,55,5
418143137,Материнская плата X870 GAMING WF6 SocketAM5 AMD X870 4xDDR5,GIGABYTE,28363.0,22272.0,76,0
418143135,Материнская плата X870E AORUS PRO SocketAM5 AMD X870E 4xDDR5,GIGABYTE,45501.0,35293.0,76,0
431789648,Материнская плата B860 GAMING X WIFI6E Soc-1851 Intel B860,GIGABYTE,27070.0,23353.0,73,0
418143085,Материнская плата A620M S2H SocketAM5 AMD A620 mATX AC`97,GIGABYTE,11737.0,9229.0,44,0
338547962,Материнская плата B760 DS3H B760,Gigabyte,13790.0,12183.0,324,5
280442786,Материнская плата B760M D3HP Soc-1700 Intel B760,GIGABYTE,16808.0,11329.0,55,0
253395714,Материнская плата B650 EAGLE AX SocketAM5 AMD B650,GIGABYTE,21549.0,15279.0,83,0
316719843,Материнская плата B860M D3HP Soc-1851 Intel B860,GIGABYTE,17873.0,13262.0,44,0
178168046,"Материнская плата, модель H610M S2H",Gigabyte,12961.0,8653.0,81,5
338490242,Материнская плата B760M D3HP WIFI6,Gigabyte,22758.0,14809.0,10,0
241929424,"Материнская плата B650 EAGLE AX, Standard-ATX AM5",GIGABYTE,35160.0,15047.0,104,5
272859100,Материнская плата X870 A ELITE WIFI7 Socket AM5 AMD,Gigabyte,41924.0,36130.0,76,0
208254876,"Материнская плата, модель B650M D3HP AX",Gigabyte,25664.0,16698.0,10,5
173271901,"Материнская плата, модель B760M DS3H",Gigabyte,20695.0,13926.0,67,5
173267918,"Материнская плата, модель B760 GAMING X",Gigabyte,27836.0,18369.0,10,5
429791506,материнская плата am5 B650M GAMING PLUS DDR5,Gigabyte,9249.0,7955.0,94,5
429847366,am5 материнская плата B650M Поддержка памяти DDR5,Gigabyte,9249.0,7955.0,94,5
304059067,Материнская плата ATX B760 DS3H,Gigabyte,19683.0,17003.0,76,0
287359242,Материнская плата ATX ATX B760 GAMING X,Gigabyte,17202.0,14866.0,73,0
290403812,Материнская плата ATX X870 GAMING WIFI6 Socket AM5,Gigabyte,31511.0,27159.0,60,0
242371948,Материнская плата mATX B650M AORUS ELITE AX Socket AM5,Gigabyte,28031.0,24164.0,58,0
242375332,Материнская плата ATX B760 DS3H AX Socket 1700,Gigabyte,18587.0,16057.0,73,0
229252707,Материнская плата ATX B760 GAMING X Socket 1700,Gigabyte,17628.0,15236.0,76,0
242372021,Материнская плата mATX B650M D3HP AX Socket AM5,Gigabyte,16395.0,14152.0,53,0
239265026,Материнская плата mATX B650M S2H Socket AM5,Gigabyte,12522.0,10810.0,42,0
229252661,Материнская плата mATX A620M H Socket AM5,Gigabyte,10061.0,8693.0,41,0
327274274,Материнская плата A620M DS3H AM5 DDR5,Gigabyte,14763.0,12747.0,51,0
414416136,Материнская плата H810M GAMING WIFI6,Gigabyte,21528.0,13809.0,10,0
414416151,Материнская плата H810M S2H,Gigabyte,17407.0,11168.0,10,0
414416185,Материнская плата H810M H,Gigabyte,16565.0,10629.0,10,0
327274270,Материнская плата X870 EAGLE WIFI7 AM5 DDR5,Gigabyte,39020.0,33619.0,62,0
334936253,Материнская плата B650M D3HP AM5 AMD B650 4xDDR5 mATX,Gigabyte,40987.0,16295.0,81,0
301807965,Материнская плата A620M GAMING X AM5 mATX DDR5,Gigabyte,16339.0,14095.0,44,0
437596240,Материнская плата B650M DS3H,GIGABYTE,21708.0,18719.0,51,0
437596235,Материнская плата H610M S2H,GIGABYTE,10462.0,9041.0,44,0
327274268,Материнская плата B650 GAMING X AX V2 AM5 DDR5,Gigabyte,26669.0,23006.0,71,0
334935946,Материнская плата A620M GAMING X SocketAM5 4xDDR5 mATX,Gigabyte,38060.0,15170.0,114,0
334935772,Материнская плата A620M S2H SocketAM5 AMD A620 mATX,Gigabyte,30743.0,12242.0,81,0
421052906,Материнская плата A620M H AM5 AMD A620 2xDDR5 mATX,Gigabyte,27187.0,10833.0,78,0
334936139,Материнская плата A620M H AM5 AMD A620 2xDDR5 mATX,Gigabyte,26938.0,10734.0,78,0
421035735,Материнская плата A620M H AM5 AMD A620 2xDDR5 mATX,Gigabyte,68460.0,10675.0,78,0
421053287,Материнская плата A620M S2H SocketAM5 AMD A620 mATX,Gigabyte,26482.0,10557.0,81,0
421037330,Материнская плата A620M S2H SocketAM5 AMD A620 mATX,Gigabyte,66683.0,10403.0,81,0
310856845,Материнская плата H610M S2H V2 LGA1700 Intel H610 mATX RTL,Gigabyte,7943.0,6873.0,122,0
386418053,Материнская плата Z890M GAMING X,Gigabyte,22549.0,19271.0,73,0
386417810,Материнская плата Z890 EAGLE,Gigabyte,24554.0,20978.0,73,0
301808941,Материнская плата B650 EAGLE AM5 DDR5 ATX,Gigabyte,22986.0,19843.0,76,0
251706617,Материнская плата B650M D3HP AM5 AMD B650 4xDDR5 mATX,Gigabyte,105939.0,15569.0,81,0
327272973,Материнская плата A620M DS3H AM5 DDR5,Gigabyte,14773.0,12755.0,51,0
251706616,Материнская плата A620M H AM5 AMD A620 2xDDR5 mATX,Gigabyte,70990.0,10456.0,78,0
254793036,Материнская плата A620M H AM5 AMD A620 2xDDR5 mATX,Gigabyte,48695.0,10128.0,78,0
290404571,Материнская плата Socket AM5 X870 GAMING WIFI6 ATX,Gigabyte,31130.0,26831.0,60,0
238085207,Материнская плата Socket AM5 B650 GAMING X AX V2 ATX,Gigabyte,23689.0,20448.0,76,0
242298913,Материнская плата Socket 1700 B760 DS3H AX ATX,Gigabyte,18607.0,16075.0,73,0
242295364,Материнская плата Socket AM5 B650M D3HP mATX,Gigabyte,15398.0,13283.0,41,0
238085206,Материнская плата Socket AM5 B650M S2H mATX,Gigabyte,12559.0,10842.0,42,0
399676059,Z890 AORUS XTREME AI TOP,Gigabyte,112794.0,112898.0,105,5
245258882,Материнская плата A620M H AM5 mATX,Gigabyte,11138.0,9620.0,42,0
283341436,Материнская плата H610M H V2 (LGA1700 mATX),Gigabyte,6350.0,5500.0,39,0
283341480,"Материнская плата B760M GAMING (LGA1700, mATX)",Gigabyte,11799.0,10191.0,44,5
394142203,Материнская плата Z790M AORUS ELITE AX LGA 1700 DDR5 б у,Gigabyte,26430.0,22016.0,80,0
272859106,Материнская плата X870E A ELITE WIFI7 Socket AM5 AM,Gigabyte,44854.0,38650.0,76,0
431563706,X870E AORUS PRO ICE материнская плата,Gigabyte,38569.0,30528.0,59,5
407190113,B650M GAMING WIFI материнская плата AM5,Gigabyte,10116.0,9882.0,70,0
387729430,Материнская плата X870 EAGLE WIFI7,Gigabyte,34700.0,23661.0,86,0
243848863,Материнская плата B760M DS3H,Gigabyte,20534.0,11875.0,44,0
239265029,Материнская плата ATX B650 GAMING X AX V2 Socket AM5,Gigabyte,23688.0,20447.0,76,0
242372042,Материнская плата mATX B650M D3HP Socket AM5,Gigabyte,15379.0,13266.0,41,0
310856727,Материнская плата H610M S2H V2 LGA1700 Intel H610 mATX RTL,Gigabyte,7943.0,6952.0,122,0
327274280,Материнская плата B650M AORUS ELITE AM5 DDR5,Gigabyte,30079.0,25918.0,51,0
327274277,Материнская плата B650M D3HP AX AM5 DDR5,Gigabyte,18690.0,16124.0,51,0
428975135,Материнская плата LGA 1700 Z790 AORUS ELITE AX ICE DDR5 б у,Gigabyte,31956.0,28520.0,80,0
379368029,Материнская плата B650M DS3H,Gigabyte,19905.0,17169.0,51,0
395931058,Материнская плата X670E AORUS MASTER AM5 DDR5 E-ATX б у,Gigabyte,75069.0,61636.0,80,0
395931258,Материнская плата B650M AORUS ELITE AX AM5 Micro ATX б у,Gigabyte,24210.0,19932.0,80,0
394142146,Материнская плата Z690I AORUS ULTRA LITE LGA 1700 DDR5 б у,Gigabyte,24210.0,19932.0,80,0
395931043,Материнская плата Z790I AORUS ULTRA LGA1700 Mini-ITX б у,Gigabyte,41899.0,34437.0,80,0
394222494,Материнская плата B650 AORUS ELITE AX AM5 DDR5 ATX б у,Gigabyte,33054.0,27184.0,80,0
394142039,Материнская плата Z790 D AX LGA 1700 DDR5 ATX б у,Gigabyte,26430.0,22016.0,80,0
275633715,Материнская плата B650 EAGLE,Gigabyte,18011.0,13974.0,34,0
334936014,Материнская плата B650 EAGLE SocketAM5 AMD B650 4xDDR5 ATX,Gigabyte,55915.0,22248.0,129,0
380961935,Материнская плата Z890 UD WIFI6E,Gigabyte,28475.0,19676.0,86,0
283489856,Материнская плата B650M D3HP AX,GIGABYTE,27980.0,11967.0,76,0
275398622,Материнская плата B650 EAGLE,GIGABYTE,32280.0,13753.0,34,0
371739438,B650M AORUSE ELITE AX ICE материнская плата,Gigabyte,19354.0,16703.0,59,0
301808924,Материнская плата A620M GAMING X AM5 mATX DDR5,Gigabyte,18260.0,15747.0,44,0
243676550,"Материнская плата B650 EAGLE AX, Standard-ATX AM5",Gigabyte,22075.0,15291.0,104,0
225819116,материнская плата B650M AORUS PRO AX,GIGABYTE,33135.0,23317.0,123,0
262922681,Материнская плата B650 EAGLE SocketAM5 AMD B650 4xDDR5 ATX,Gigabyte,145922.0,21462.0,129,0
269262441,Материнская плата B650 EAGLE SocketAM5 AMD B650 4xDDR5 ATX,Gigabyte,102079.0,21198.0,129,0
262924908,Материнская плата A620M GAMING X SocketAM5 4xDDR5 mATX,Gigabyte,100294.0,14776.0,114,0
269262618,Материнская плата A620M GAMING X SocketAM5 4xDDR5 mATX,Gigabyte,69484.0,14455.0,114,0
262922711,Материнская плата A620M S2H SocketAM5 AMD A620 mATX,Gigabyte,80238.0,11811.0,81,0
269262456,Материнская плата A620M S2H SocketAM5 AMD A620 mATX,Gigabyte,56679.0,11779.0,81,0
301808898,Материнская плата H610M S2H V2 LGA1700 H610 DDR5 mATX,Gigabyte,10154.0,8771.0,39,0
301807931,Материнская плата H610M S2H V2 LGA1700 H610 DDR5 mATX,Gigabyte,9984.0,8625.0,39,0
238085272,Материнская плата Socket 1700 B760M DS3H mATX,Gigabyte,14342.0,12378.0,44,0
242295351,Материнская плата Socket AM5 B650M D3HP AX mATX,Gigabyte,16444.0,14194.0,53,0
272872778,Материнская плата X870 A ELITE WIFI7 Socket AM5 AMD,Gigabyte,41396.0,35676.0,76,0
242295274,Материнская плата Socket AM5 B650M AORUS ELITE AX mATX,Gigabyte,28036.0,24168.0,58,0
418361822,Материнская плата Z790 D rev 1 0,Gigabyte,18856.0,16289.0,73,0
272872772,Материнская плата X870E A ELITE WIFI7 Socket AM5 AM,Gigabyte,44708.0,38524.0,76,0
394156467,Материнская плата X670 AORUS ELITE AX AM5 DDR5 ATX б у,Gigabyte,37482.0,30815.0,80,0
394222398,Материнская плата B650M S2H Socket AM5 DDR5 Micro ATX б у,Gigabyte,15365.0,12679.0,80,0
394222193,Материнская плата B650M D2H Socket AM5 DDR5 Micro ATX б у,Gigabyte,14267.0,11778.0,80,0
394142232,Материнская плата Z790M AORUS ELITE AX ICE LGA 1700 б у,Gigabyte,29077.0,24214.0,80,0
428976898,Материнская плата AM5 X670 AORUS ELITE AX DDR5 б у,Gigabyte,37482.0,33439.0,80,0
245258775,Материнская плата Z790 UD 3LGA1700 ATX,Gigabyte,28107.0,24245.0,73,0
428977780,Материнская плата AM5 B650M S2H DDR5 б у,Gigabyte,15365.0,13755.0,80,0
428977972,Материнская плата AM5 B650M D2H DDR5 б у,Gigabyte,14267.0,12777.0,80,0
353386101,B650M GAMING PLUS WIFI материнская плата,Gigabyte,16487.0,12113.0,78,5
183418971,Материнская плата B760 DS3H,Gigabyte,21088.0,15074.0,294,0
394142277,Материнская плата Z790 AORUS ELITE AX-W LGA1700 DDR5 ATX б у,Gigabyte,36592.0,30085.0,80,0
340993384,"Материнская плата B850M DS3H, AM5 B850 4xDDR5 2xDP+1xHDMI",Gigabyte,22618.0,15854.0,76,5
394142053,Материнская плата Z690 AORUS ELITE AX LGA 1700 DDR5 ATX б у,Gigabyte,25320.0,20842.0,80,0
297161305,Материнская плата B650 EAGLE,Gigabyte,24523.0,17307.0,172,5
234031651,Z790M AORUS ELITE AX DDR5 новая материнская плата,Gigabyte,20441.0,19941.0,114,0
394142250,Материнская плата Z790 AORUS PRO X LGA 1700 DDR5 ATX б у,Gigabyte,46327.0,38531.0,80,0
394222198,Материнская плата B760M DS3H LGA 1700 DDR5 Micro ATX б у,Gigabyte,17585.0,14675.0,80,0
394222411,Материнская плата B650E AORUS MASTER Socket AM5 DDR5 б у,Gigabyte,48535.0,39878.0,80,0
394142167,Материнская плата Z790M AORUS ELITE LGA1700 Micro ATX б у,Gigabyte,23770.0,19571.0,80,0
394142205,Материнская плата Z790 AORUS ELITE AX ICE LGA1700 ATX б у,Gigabyte,31956.0,26283.0,80,0
394142227,Материнская плата Z790 AORUS PRO X WIFI7 LGA1700 ATX б у,Gigabyte,41899.0,34856.0,80,0
394142253,Материнская плата Z790 GAMING X AX LGA 1700 DDR5 ATX б у,Gigabyte,24210.0,19932.0,80,0
394142069,Материнская плата Z690 AORUS ELITE LGA 1700 DDR5 ATX б у,Gigabyte,23111.0,19031.0,80,0
428975502,Материнская плата LGA 1700 Z790 AORUS MASTER DDR5 б у,Gigabyte,52963.0,47217.0,80,0
428975542,Материнская плата LGA 1700 Z790 AORUS PRO X DDR5 б у,Gigabyte,46327.0,41310.0,80,0
428975454,Материнская плата LGA 1700 Z790I AORUS ULTRA DDR5 б у,Gigabyte,41899.0,37369.0,80,0
428975547,Материнская плата LGA 1700 Z790 AORUS PRO X WIFI7 DDR5 б у,Gigabyte,41899.0,37369.0,80,0
428975497,Материнская плата LGA 1700 Z690 AORUS MASTER DDR5 б у,Gigabyte,39691.0,35404.0,80,0
395931071,Материнская плата Z690 AORUS PRO LGA1700 DDR5 ATX б у,Gigabyte,35274.0,29004.0,80,0
428975357,Материнская плата LGA 1700 Z790M AORUS ELITE AX DDR5 б у,Gigabyte,26430.0,23602.0,80,0
428975519,Материнская плата LGA 1700 Z790 GAMING X AX DDR5 б у,Gigabyte,24210.0,21626.0,80,0
428978036,Материнская плата LGA 1700 B760M AORUS ELITE AX DDR5 б у,Gigabyte,23111.0,20649.0,80,0
428975193,Материнская плата LGA 1700 Z690 AORUS ELITE DDR5 б у,Gigabyte,23111.0,20649.0,80,0
395931374,Материнская плата Z690 GAMING X LGA1700 DDR5 ATX б у,Gigabyte,24210.0,19932.0,80,0
428977743,Материнская плата LGA 1700 B760M AORUS PRO AX DDR5 б у,Gigabyte,22002.0,19661.0,80,0
394222366,Материнская плата B760M AORUS ELITE LGA 1700 Micro ATX б у,Gigabyte,23111.0,19031.0,80,0
394222641,Материнская плата B760M AORUS PRO AX LGA1700 Micro ATX б у,Gigabyte,22002.0,18341.0,80,0
428977751,Материнская плата LGA 1700 B760M GAMING X AX DDR5 б у,Gigabyte,20013.0,17891.0,80,0
428977719,Материнская плата LGA 1700 B760 GAMING X AX DDR5 б у,Gigabyte,19793.0,17696.0,80,0
394222222,Материнская плата B760 GAMING X LGA1700 DDR5 ATX б у,Gigabyte,19793.0,16508.0,80,0
394222500,Материнская плата B760 GAMING X AX LGA 1700 DDR5 ATX б у,Gigabyte,19793.0,16508.0,80,0
394222395,Материнская плата B760M GAMING X AX LGA1700 Micro ATX б у,Gigabyte,20013.0,16490.0,80,0
428977799,Материнская плата LGA 1700 B760M GAMING WIFI PLUS DDR5 б у,Gigabyte,17585.0,15730.0,80,0
428977546,Материнская плата LGA 1700 B760M GAMING WIFI DDR5 б у,Gigabyte,16475.0,14742.0,80,0
394222730,Материнская плата B760M GAMING WIFI PLUS LGA1700 б у,Gigabyte,17585.0,14675.0,80,0
394222196,Материнская плата B760M GAMING WIFI LGA1700 Micro ATX б у,Gigabyte,16475.0,13589.0,80,0
394222173,Материнская плата B760M D2H LGA1700 DDR5 Micro ATX б у,Gigabyte,15365.0,12679.0,80,0
428977150,Материнская плата AM5 X670E AORUS MASTER DDR5 б у,Gigabyte,75069.0,66891.0,80,0
394142149,Материнская плата Z690 UD LGA 1700 DDR5 ATX б у,Gigabyte,19793.0,16508.0,80,0
428977992,Материнская плата AM5 B650E AORUS MASTER DDR5 б у,Gigabyte,48535.0,43276.0,80,0
428975136,Материнская плата LGA 1700 Z690 AERO G DDR5 б у,Gigabyte,33054.0,29498.0,80,0
428975405,Материнская плата LGA 1700 Z790 D AX DDR5 б у,Gigabyte,26430.0,23602.0,80,0
428975396,Материнская плата LGA 1700 Z790 UD DDR5 б у,Gigabyte,25320.0,22614.0,80,0
428975254,Материнская плата LGA 1700 Z790 UD AX DDR5 б у,Gigabyte,24210.0,21626.0,80,0
428975254,Материнская плата LGA 1700 Z790 UD AX DDR5 б у,Gigabyte,24210.0,21626.0,80,0
394142198,Материнская плата Z790 UD LGA 1700 DDR5 ATX б у,Gigabyte,25320.0,20842.0,80,0
428977876,Материнская плата AM5 B650M K DDR5 б у,Gigabyte,20892.0,18673.0,80,0
428977968,Материнская плата LGA 1700 B760 DS3H DDR5 б у,Gigabyte,19793.0,17696.0,80,0
428977810,Материнская плата LGA 1700 B760 GAMING X DDR5 б у,Gigabyte,19793.0,17696.0,80,0
428975221,Материнская плата LGA 1700 Z690 UD DDR5 б у,Gigabyte,19793.0,17696.0,80,0
428975591,Материнская плата LGA 1700 Z690 UD AX DDR5 б у,Gigabyte,19793.0,17696.0,80,0
394222211,Материнская плата B650M K AM5 DDR5 Micro ATX б у,Gigabyte,20892.0,17420.0,80,0
394222493,Материнская плата B760 DS3H LGA 1700 DDR5 ATX б у,Gigabyte,19793.0,16508.0,80,0
428977796,Материнская плата LGA 1700 B760M DS3H DDR5 б у,Gigabyte,17585.0,15730.0,80,0
428977691,Материнская плата LGA 1700 B760M D2HX SI DDR5 б у,Gigabyte,15365.0,13755.0,80,0
428977925,Материнская плата LGA 1700 B760M D2H DDR5 б у,Gigabyte,15365.0,13755.0,80,0
394142131,Материнская плата Z790 AORUS MASTER LGA 1700 DDR5 E-ATX б у,Gigabyte,52963.0,43509.0,80,0
428975425,Материнская плата LGA 1700 Z790M AORUS ELITE AX ICE DDR5 б у,Gigabyte,29077.0,25958.0,80,0
394142254,Материнская плата Z690 AORUS MASTER LGA 1700 DDR5 E-ATX б у,Gigabyte,39691.0,32626.0,80,0
394222627,Материнская плата B760M GAMING AC LGA1700 DDR5 Micro ATX б у,Gigabyte,15365.0,12679.0,80,0
394222430,Материнская плата B760M D2HX SI LGA 1700 DDR5 Micro ATX б у,Gigabyte,15365.0,12679.0,80,0
363311589,Материнская плата Z890M AORUS ELITE WIFI7 ICE,Gigabyte,48650.0,29488.0,90,0
394142336,Материнская плата Z790 UD AX LGA 1700 DDR5 ATX б у,Gigabyte,24210.0,19932.0,80,0
394142125,Материнская плата Z690 UD AX LGA 1700 DDR5 ATX б у,Gigabyte,19793.0,16508.0,80,0
428975278,Материнская плата LGA 1700 Z690 AORUS PRO DDR5 б у,Gigabyte,35274.0,31473.0,80,0
428977489,Материнская плата AM5 B650 AORUS ELITE AX DDR5 б у,Gigabyte,33054.0,29498.0,80,0
395931305,Материнская плата Z690 AERO G LGA 1700 DDR5 ATX б у,Gigabyte,33054.0,27184.0,80,0
394142269,Материнская плата Z790 AERO G LGA 1700 DDR5 ATX б у,Gigabyte,32615.0,26824.0,80,0
428978048,Материнская плата AM5 B650M AORUS ELITE AX DDR5 б у,Gigabyte,24210.0,21626.0,80,0
428977790,Материнская плата LGA 1700 B760M GAMING AC DDR5 б у,Gigabyte,15365.0,13755.0,80,0
357123656,Материнская плата B760 Aorus Elite,Gigabyte,23642.0,20408.0,76,0
377782579,Материнская плата B760 Aorus Elite,Gigabyte,20578.0,17773.0,76,0
362525326,Материнская плата B760M AORUS ELITE AX,Gigabyte,25801.0,22310.0,122,0
431514039,B650E AORUS ELITE X AX ICE,Gigabyte,450000.0,20546.0,71,4
387987542,"Материнская плата X870 EAGLE Wi-Fi 7, AM5, ATX",Gigabyte,31856.0,26761.0,101,0
413990537,"Материнская плата A620M GAMING X, AM5",Gigabyte,14561.0,12230.0,45,0
342577714,"Материнская плата H610M H V2, LGA1700 H610 2xDDR5 PCIe4.0",Gigabyte,10353.0,7293.0,63,0
363346851,Материнская плата X870 EAGLE WIFI7,Gigabyte,48960.0,29741.0,140,0
363134899,Материнская плата B760M D3HP WIFI6,Gigabyte,24780.0,15099.0,106,0
390425354,Материнская плата Z790 D,Gigabyte,35710.0,21656.0,75,0
347375205,Материнская плата B650M D3HP AX,Gigabyte,27090.0,16418.0,49,0
431513049,"B850M Gaming X WIFI 6E AM5 mATX, DDR5 2.5GbE",Gigabyte,400000.0,17263.0,63,4
436370922,Материнская плата B650M DS3H,Gigabyte,19905.0,17169.0,51,0
436389114,Материнская плата Z790 D rev 1 0,Gigabyte,18856.0,16289.0,73,0
417952086,B650M GAMING PLUS WIFI,Gigabyte,310000.0,13388.0,58,4
211431009,Материнская плата B760 DS3H AX,Gigabyte,24353.0,16977.0,10,0
309983885,Материнская плата Z890 A ELITE WF7,Gigabyte,54350.0,32949.0,105,0
327573899,Материнская плата B760M GAMING DDR5 LGA1700 mATX,Gigabyte,15785.0,10982.0,122,0
379646486,Материнская плата H610M S2H V2 LGA1700 Micro-ATX DDR5,Gigabyte,11117.0,8165.0,39,0
327573896,Материнская плата A620M DS3H AM5 Micro-ATX DDR5,Gigabyte,15175.0,11345.0,122,0
360623602,Материнская плата Z790 EAGLE,Gigabyte,31867.0,22382.0,141,0
252610661,Материнская плата Z790 D AX,Gigabyte,30925.0,21640.0,75,0
363311543,Материнская плата B650 UD AX,Gigabyte,30010.0,18300.0,140,0
390591256,Материнская плата B650M S2H,Gigabyte,19700.0,12070.0,135,0
329412671,"Материнская плата B850M DS3H, AM5, mATX",Gigabyte,19296.0,16214.0,65,0
340993389,"Материнская плата B850M D3HP, AM5 B850 4xDDR5 2xDP+2xHDMI",Gigabyte,20486.0,14347.0,59,0
363311494,Материнская плата B860 DS3H WIFI6E,Gigabyte,36640.0,22277.0,120,0
363188332,"Материнская плата Z790 EAGLE AX, ATX",Gigabyte,38950.0,23674.0,122,0
321225325,"Материнская плата H610M H V2, LGA1700, mATX",Gigabyte,9111.0,7688.0,55,0
363311507,Материнская плата B860 A ELITE WF7 ICE,Gigabyte,48800.0,29668.0,158,0
363311510,Материнская плата Z890 EAGLE WIFI7,Gigabyte,46950.0,28501.0,120,0
363311636,Материнская плата B860 GAMING X WIFI6E,Gigabyte,43870.0,26642.0,120,0
363311501,Материнская плата B860 EAGLE WIFI6E,Gigabyte,39410.0,23949.0,120,0
389644597,Z890M AORUS ELITE WIFI7 Материнская плата LGA 1851,Gigabyte,18140.0,18211.0,72,0
313328896,Материнская плата Z890 AORUS ELITE WIFI7,Gigabyte,56040.0,33927.0,73,0
365021733,Материнская плата B860 DS3H,Gigabyte,32170.0,19571.0,115,0
390412950,Материнская плата H810M H,Gigabyte,17850.0,10831.0,42,0
363131413,Материнская плата H610M S2H,Gigabyte,14310.0,8686.0,36,0
310487172,Материнская плата Z890 GAMING X WIFI7,Gigabyte,49110.0,29785.0,105,0
365015296,Материнская плата B860M AORUS ELITE WIFI6E ICE,Gigabyte,44640.0,27016.0,51,0
310488939,Материнская плата Z890 UD WIFI6E,Gigabyte,38950.0,23651.0,105,0
348111227,Материнская плата Z890M GAMING X,Gigabyte,37870.0,23022.0,122,0
310043194,Материнская плата Z890 AORUS PRO ICE,Gigabyte,69590.0,42158.0,112,0
412318691,Материнская плата B760 GAMING X AX,Gigabyte,19210.0,16718.0,198,0
386267551,Z890M AORUS ELITE WIFI 7 ICE Материнская плата LAG1851,Gigabyte,19296.0,19368.0,72,0
219769381,B650E AORUS ELITE X AX ICE,GIGABYTE,19886.0,19999.0,114,0
386235315,Z890 AORUS ELITE WIFI 7 Материнская плата LAG1851,Gigabyte,25424.0,25541.0,118,0
386280778,Z890M AORUS ELITE WIFI 7 Материнская плата LAG1851,Gigabyte,18140.0,18211.0,72,0
390520140,Материнская плата Z890 AORUS ELITE WIFI7,Gigabyte,25424.0,25541.0,118,0
386178993,Z890 AORUS PRO ICE Материнская плата LAG1851,Gigabyte,30638.0,30755.0,118,0
386418619,Материнская плата Z890 Aorus Master,Gigabyte,45645.0,45762.0,118,0
399618091,"Материнская плата B650M K,AMD B650",GIGABYTE,24846.0,12494.0,72,0
386167322,Z890 AORUS MASTER Материнская плата LAG1851,Gigabyte,44674.0,44791.0,118,0
386235317,Z890 GAMING X WIF17 Материнская плата LAG1851,Gigabyte,21955.0,22073.0,118,0
386267549,Z890 EAGLE WIFI 7 Материнская плата LAG1851,Gigabyte,21955.0,22073.0,118,0
399543593,B650M GAMING WIFI материнская плата AM5,Gigabyte,11319.0,9923.0,76,5
399618092,"Материнская плата B650M H,AMD B650",GIGABYTE,19134.0,9639.0,72,0
399618090,"Материнская плата B650E AORUS ELITE X AX ICE,AMD B650",GIGABYTE,45541.0,22940.0,170,0
399647066,"Материнская плата B850M GAMING X WIFI6E,AMD B850",GIGABYTE,41725.0,20934.0,72,0
399652114,"Материнская плата X870 AORUS ELITE WIFI7 ICE,AMD X870",GIGABYTE,70976.0,35658.0,170,0
334781319,"Материнская плата B650M AORUS ELITE AX ICE,AMD B650",GIGABYTE,33170.0,16666.0,82,0
399647065,"Материнская плата B850M AORUS ELITE WIFI6E ICE,AMD B850",GIGABYTE,40916.0,20530.0,72,0
399647064,"Материнская плата B850I AORUS PRO,AMD B850",GIGABYTE,55830.0,27987.0,72,0
399618089,"Материнская плата B650M AORUS PRO AX WIFI,AMD B650",GIGABYTE,40292.0,20217.0,72,0
399618088,"Материнская плата B650M AORUS ELITE AX WIFI,AMD B650",GIGABYTE,37563.0,18853.0,72,0
399647063,"Материнская плата B850 AORUS ELITE WIFI7,AMD B850",GIGABYTE,51206.0,25674.0,72,0
418607898,"Материнская плата X870E AORUS PRO ICE, AMD X870E",GIGABYTE,77404.0,38839.0,137,0
310537566,Материнская плата X870 GAMING WF6,Gigabyte,40950.0,24817.0,73,5
418607899,"Материнская плата X870E AORUS MASTER, AMD X870E",GIGABYTE,107857.0,54065.0,137,0
418607900,"Материнская плата X870E AORUS ELITE WIFI7, AMD X870E",GIGABYTE,71785.0,36029.0,137,0
418626698,"Материнская плата X870 AORUS ELITE WIFI7, AMD X870",GIGABYTE,66120.0,33197.0,137,0
418631029,"Материнская плата X870I AORUS PRO ICE, AMD X870",GIGABYTE,62536.0,31405.0,137,0
418623434,"Материнская плата X870 GAMING X WIFI7, AMD X870",GIGABYTE,57680.0,28977.0,137,0
418623433,"Материнская плата X870 EAGLE WIFI7, AMD X870",GIGABYTE,55368.0,27821.0,137,0
337076923,B650M AORUS PRO AX материнская плата,Gigabyte,19712.0,17997.0,59,5
421012393,Материнская плата X870 A ELITE WIFI7,Gigabyte,55255.0,51520.0,153,0
183418953,Материнская плата B760M DS3H,Gigabyte,19326.0,13770.0,235,0
224876819,B650M AORUS PRO AX материнская плата,Gigabyte,19724.0,18018.0,70,5
437575079,"Материнская плата B650M D3HP, AM5, AMD B650, mATX",GIGABYTE,14056.0,12140.0,44,0
400352811,B850M GAMING X WIFI6E материнская плата,Gigabyte,20949.0,17458.0,70,5
224876817,B650M GAMING WIFI материнская плата,Gigabyte,11319.0,9908.0,61,5
316894516,"Материнская плата Z890 AORUS PRO ICE, LGA1851, ATX",Gigabyte,48608.0,40768.0,104,0
317515034,"Материнская плата A620M H (SocketAM5,AMD A620,mATX",GIGABYTE,12959.0,10413.0,42,0
377320455,Z890M AORUS ELITE WIFI7 Материнская плата DDR5 LGA1851,Gigabyte,17273.0,17335.0,63,5
236461188,B760M D2HX SI DDR5 новая материнская плата,Gigabyte,11746.0,11860.0,114,0
236464451,B760M D2HX LITE SI DDR5 новая материнская плата,Gigabyte,11469.0,11583.0,114,0
235365093,B760M DS3H DDR5 Новая материнская плата LGA1700,Gigabyte,12856.0,12970.0,114,0
234905486,B760M GAMING DDR5 Новая материнская плата,Gigabyte,12718.0,12831.0,114,0
243897622,Z790 GAMING X AX новые материнские платы,Gigabyte,23123.0,23248.0,126,5
243894547,A620M H новые материнские платы,Gigabyte,8093.0,8207.0,114,5
224876822,B650M AORUS ELITE материнская плата,Gigabyte,18464.0,15579.0,70,5
229978572,B650M AORUS ELITE AX,Gigabyte,19655.0,19375.0,114,5
291702368,X870 EAGLE WIFI7 Материнская плата AM5,Gigabyte,25204.0,24561.0,114,5
291703641,X670 AORUS ELITE AX Материнская плата AMM5,Gigabyte,24279.0,23664.0,114,5
224876818,B650M D2H материнская плата,Gigabyte,11550.0,11608.0,59,5
236459194,B760M D3HX SI DDR5 новая материнская плата,Gigabyte,12024.0,12137.0,114,0
237478302,Z790 UD DDR5 новая материнская плата LGA1700,Gigabyte,22117.0,22231.0,114,0
328052424,Материнская плата B850M D3HP с разъемом AM5,Gigabyte,13064.0,13131.0,67,5
360380833,Материнская плата B860M AORUS ELITE WIFI6E ICE,Gigabyte,18660.0,18723.0,63,0
252610658,Материнская плата Z790 EAGLE AX,Gigabyte,35057.0,24518.0,75,0
219771046,B650M AORUS PRO AX AM5,Gigabyte,20233.0,19697.0,72,5
302479468,B760M G PLUS WIFI DDR5 материнская плата,Gigabyte,14660.0,12226.0,59,5
360623596,Материнская плата B760M D3HP WIFI6,Gigabyte,21275.0,14959.0,106,0
327980268,B850 AORUS ELITE WIFI7 Сокет AM5 Материнская плата,Gigabyte,22545.0,22622.0,78,5
327980270,B850M AORUS ELTE WIFI6E ICE Сокет AM5 Материнская плата,Gigabyte,19076.0,19143.0,67,5
363111776,B850I AORUS PRO Материнская плата AM5,Gigabyte,23505.0,23595.0,91,5
363125118,B850M AORUS ELITE WIFI6E Материнская плата AM5,Gigabyte,19354.0,19416.0,63,5
421012381,Материнская плата X870 A ELITE WF7 ICE,Gigabyte,53716.0,50091.0,153,0
282852462,Материнская плата X870 EAGLE WIFI7,Gigabyte,44295.0,31038.0,140,0
341862001,Материнская плата X870 EAGLE WIFI7 AM5 X870 4xDDR5 PCIe5.0,Gigabyte,37981.0,26598.0,108,0
421012706,Материнская плата Z790 D,Gigabyte,27923.0,26118.0,141,0
421012363,Материнская плата B650 EAGLE AX,Gigabyte,27631.0,25844.0,138,0
417750959,Материнская плата A620M H,Gigabyte,11108.0,10364.0,36,0
211440901,Материнская плата B650M S2H,Gigabyte,16697.0,11640.0,7,0
309989769,Материнская плата B650M D3HP AX,Gigabyte,24024.0,16887.0,116,0
189154057,"Материнская плата, модель B650M S2H",Gigabyte,17914.0,12575.0,74,5
216880710,"Материнская плата B760M DS3H [DDR5, LGA1700]",Gigabyte,14494.0,12176.0,47,0
215451655,B650M AORUS ELITE AX ICE,Gigabyte,16764.0,16878.0,114,5
235370152,B760M D2H DDR5 Новая материнская плата LGA1700,Gigabyte,11746.0,11860.0,114,0
291696965,X870E AORUS MASTER Материнская плата AM5,Gigabyte,51449.0,51562.0,114,5
237479181,Z790 D DDR5 новая материнская плата LGA1700,Gigabyte,20730.0,20843.0,114,0
236217128,B760M H DDR5 новая материнская плата LGA1700,Gigabyte,11064.0,11178.0,114,0
224865301,Z790 AORUS TACHYON Материнская плата LGA 1700,Gigabyte,69369.0,67401.0,114,0
234035791,Z790I AORUS ULTRA DDR5,Gigabyte,32488.0,32601.0,114,0
219778013,B650M D3HP AM5 DDR5 - перевод на русский,Gigabyte,13296.0,13409.0,114,0
437596249,Материнская плата Z790 AORUS ELITE AX,GIGABYTE,36424.0,31388.0,54,0
437578348,Материнская плата Z790 UD AX,GIGABYTE,28125.0,24286.0,83,0
437578407,Материнская плата H610M H V2,GIGABYTE,8118.0,7033.0,44,0
219776776,B650M K AM5 DDR5 - Гигабайт B650M K AM5 DDR5,Gigabyte,12718.0,12450.0,114,0
219780350,B650M D2H AM5 DDR5 - Гигабайт B650M D2H AM5 DDR5,Gigabyte,10983.0,11097.0,114,0
219782188,B650M S2H AM5 DDR5 - перевод на русский,Gigabyte,10405.0,10519.0,114,0
218825683,Z790 AORUS PRO X WIFI7,Gigabyte,42778.0,41608.0,114,0
218996922,Z790 AORUS ELITE AX-W,Gigabyte,30060.0,29272.0,114,0
218987265,Z790 AORUS ELITE AX ICE,Gigabyte,33528.0,32636.0,114,0
353416293,B650M D3HP материнская плата,Gigabyte,14082.0,9786.0,70,5
219030293,Z790 EAGLE,Gigabyte,21967.0,21421.0,114,0
219788032,X670 AORUS ELITE AX,Gigabyte,28904.0,29017.0,114,0
237309407,Z790 AORUS ELITE AX-W новая материнская плата,Gigabyte,30407.0,30520.0,114,0
236471048,B760I AORUS PRO DDR5 новая материнская плата,Gigabyte,20730.0,20843.0,114,0
237307494,Z790 AORUS XTREME X DDR5 новая материнская плата,Gigabyte,112667.0,112780.0,114,0
227476713,B760M AORUS ELITE AX-P Новая материнская плата,Gigabyte,16764.0,16039.0,114,0
234040936,B760 GAMING X DDR5 Новая материнская плата,Gigabyte,15758.0,15872.0,114,0
227468967,B760 DS3H материнская плата,Gigabyte,13874.0,13987.0,114,0
234873137,B760M GAMING WIFI новая материнская плата LGA1700,Gigabyte,13689.0,13802.0,114,0
229981270,B650M D2H AM5 DDR5,Gigabyte,10983.0,11097.0,114,5
219038681,Z790M AORUS ELITE AX ICE - З790М AORUS ELITE AX ICE,Gigabyte,19655.0,19178.0,114,0
218811042,Z790 AORUS PRO X,Gigabyte,43934.0,42729.0,114,0
357021255,Z790 UD Материнская плата,Gigabyte,20048.0,20161.0,114,0
227476023,B760M AORUS ELITE AX новая материнская плата,Gigabyte,15608.0,15722.0,114,0
377320448,Z890 AORUS ELITE WIFI7 ICE LGA1851 Материнская плата DDR5,Gigabyte,32430.0,32543.0,114,5
377320454,Материнская плата DDR5 Z890M AORUS ELITE WIFI7 LGA1851,Gigabyte,17273.0,17335.0,63,5
349266271,Z890 AORUS MASTER Сокет LGA1851 Материнская плата DDR5,Gigabyte,52027.0,52141.0,115,5
372702119,LGA1851 Материнская плата DDR5 Z890 AERO G,Gigabyte,39483.0,39596.0,114,5
377338362,Материнская плата DDR5 LGA1851 Z890I AORUS ULTRA,Gigabyte,29609.0,29699.0,91,5
377320451,Z890 EAGLE WIFI7 LGA1851 Материнская плата DDR5,Gigabyte,26788.0,26901.0,114,5
377320452,Материнская плата Z890 UD WIFI6E LGA1851 DDR5,Gigabyte,24672.0,24786.0,114,5
377320450,LGA1851 Материнская плата DDR5 Z890 GAMING X WIFI7,Gigabyte,23273.0,23387.0,114,5
377320453,DDR5 Материнская плата Z890 UD LGA1851,Gigabyte,23262.0,23375.0,114,5
353466434,B650M H материнская плата,Gigabyte,10798.0,8168.0,70,5
219006875,Z790 GAMING X AX,Gigabyte,23123.0,22774.0,114,0
377320456,LGA1851 Z890M GAMING X Материнская плата DDR5,Gigabyte,19030.0,19093.0,63,5
229978571,B650M AORUS ELITE AX ICE,Gigabyte,16764.0,16829.0,65,5
372702118,Материнская плата DDR5 Z890 AORUS PRO ICE LGA1851,Gigabyte,36662.0,36775.0,114,5
218979305,Z790 AORUS ELITE X WIFI7 - З790 AORUS ELITE X WIFI7,Gigabyte,40465.0,39365.0,114,0
377320449,Материнская плата DDR5 Z890 AORUS ELITE WIFI7 LGA1851,Gigabyte,32430.0,32543.0,114,5
219023029,Z790 ОРЁЛ AX,Gigabyte,23123.0,22543.0,114,0
360623597,Материнская плата B860 DS3H WIFI6E,Gigabyte,32759.0,22969.0,115,0
360623605,Материнская плата B860 DS3H,Gigabyte,28618.0,20085.0,115,0
183420134,Материнская плата H610M S2H,Gigabyte,12019.0,8659.0,219,0
234868305,B760M GAMING WIFI PLUS новая материнская плата,Gigabyte,13689.0,13802.0,114,0
227473883,B760M AORUS PRO AX Новая материнская плата,Gigabyte,16186.0,16300.0,114,0
235345929,B760M D3H DDR5 новая материнская плата LGA1700,Gigabyte,14510.0,14623.0,114,0
236720015,H610M H DDR5 новая материнская плата LGA1700,Gigabyte,9261.0,9374.0,114,0
237248307,H610M K DDR5 новая материнская плата,Gigabyte,8983.0,9097.0,114,0
234301205,B760M AORUS ELITE DDR5 Новая материнская плата,Gigabyte,15897.0,16011.0,114,0
237311190,Z790 UD AX DDR5 новая материнская плата,Gigabyte,23505.0,23618.0,114,0
237251165,H610I DDR5 новая материнская плата LGA1700,Gigabyte,12579.0,12692.0,114,0
229981271,B650M S2H AM5 DDR5,Gigabyte,9827.0,9744.0,114,5
234037684,B760 AORUS ELITE AX DDR5 Новая материнская плата,Gigabyte,20048.0,20161.0,114,0
234875912,B760M GAMING AC новая материнская плата LGA1700,Gigabyte,13689.0,13802.0,114,0
234309472,B760M GAMING X DDR5 Новая материнская плата,Gigabyte,14926.0,15039.0,114,0
229978574,B650M D3HP AM5,Gigabyte,13411.0,13525.0,114,5
236723896,H610M S2 DDR5 новая материнская плата,Gigabyte,9122.0,9236.0,114,0
291699707,X870 AORUS ELITE WF7 Материнская плата AM5,Gigabyte,32141.0,31290.0,114,5
421012394,Материнская плата B850M GAMING X WF6E,Gigabyte,34918.0,32570.0,106,0
291698476,X870 AORUS ELITE WF7 ICE Материнская плата AM5,Gigabyte,32372.0,31515.0,114,5
315370820,Сист.плата Z890 A ELITE X ICE 1.1 BOX,Gigabyte,54080.0,37842.0,130,0
360623599,Материнская плата B860M GAMING X WIFI6E,Gigabyte,35040.0,24558.0,115,0
421012404,Материнская плата B860M EAGLE,Gigabyte,24789.0,23185.0,123,0
421012401,Материнская плата B860M D3HP,Gigabyte,24291.0,22694.0,102,0
334028755,"Материнская плата Z890M GAMING X, LGA1851, ATX",Gigabyte,25686.0,21562.0,70,0
421012371,Материнская плата B840M DS3H,Gigabyte,22235.0,20776.0,96,0
360623592,Материнская плата B860M DS3H,Gigabyte,27510.0,19313.0,115,0
421012385,Материнская плата H810M GAMING WIFI6,Gigabyte,20119.0,18829.0,109,0
421012379,Материнская плата B840M D2H,Gigabyte,19921.0,18627.0,96,0
421012390,Материнская плата H810M S2H,Gigabyte,16223.0,15189.0,93,0
421012398,Материнская плата H810M H,Gigabyte,15427.0,14450.0,93,0
338490211,Материнская плата B760M D3HP,Gigabyte,18905.0,13182.0,10,0
417750616,Материнская плата H610M S2H,Gigabyte,9618.0,8984.0,39,0
187645758,"Материнская плата B760 DS3H AX, LGA1700, DDR5 с Wi-Fi",Gigabyte,19636.0,16529.0,88,0
310483251,Материнская плата Z890 EAGLE WIFI7,Gigabyte,43260.0,26253.0,105,0
309989681,Материнская плата B760M D3HP,Gigabyte,17640.0,12440.0,116,0
365252682,Материнская плата X870 AORUS ELITE WIFI7 ICE,Gigabyte,63040.0,38215.0,120,0
363311521,Материнская плата Z890 Aorus Master,Gigabyte,117570.0,71162.0,140,0
315370821,Сист.плата Z890 AORUS PRO ICE 1.0 BOX,Gigabyte,59266.0,41454.0,130,0
363311602,Материнская плата Z890 A ELITE WF7 ICE,Gigabyte,61270.0,37146.0,120,0
321211081,"Материнская плата Z890 GAMING X WIFI7, LGA1851, ATX",Gigabyte,34682.0,29127.0,104,0
360623608,Материнская плата B860M A ELITE WIFI6E,Gigabyte,39013.0,27326.0,115,0
282852461,Материнская плата Z890 UD WIFI6E,Gigabyte,38048.0,26687.0,140,0
360623606,Материнская плата B860 EAGLE WIFI6E,Gigabyte,35428.0,24829.0,115,0
282852459,Материнская плата Z890M GAMING X,Gigabyte,34031.0,23888.0,140,0
360623604,Материнская плата B860M DS3H WIFI6E,Gigabyte,29589.0,20761.0,115,0
183418963,Материнская плата B760 GAMING X,Gigabyte,26076.0,18549.0,294,0
390416757,Материнская плата H810M S2H,Gigabyte,23210.0,14067.0,42,0
218804798,Z790 AORUS MASTER X,Gigabyte,63588.0,61794.0,114,0
348115668,Материнская плата Z890 GAMING X WIFI7,Gigabyte,54640.0,33152.0,126,0
310053507,Материнская плата Z890 EAGLE 1.0,Gigabyte,40640.0,24672.0,105,0
363034955,X870 AORUS ELITE WIFI7 ICE Материнская плата AM5,Gigabyte,29031.0,29144.0,114,0
355496533,Z890M A ELITE WF7 ICE Материнская плата LAG1851,Gigabyte,22395.0,22457.0,63,0
357021254,Z790 UD AX Материнская плата,Gigabyte,21423.0,21537.0,114,0
315370819,Сист.плата Z890 A ELITE WIFI7 1.0 BOX,Gigabyte,47412.0,33172.0,111,0
315675381,Сист.плата Z890 UD WIFI6E 1.0 BOX,Gigabyte,32596.0,22852.0,112,0
360380829,B860 AORUS ELITE WIFI7 ICE Материнская плата,Gigabyte,19354.0,19467.0,114,0
391107335,B650E AORUS ELITE X AX ICE материнская плата DDR5 СокетAM5,Gigabyte,22811.0,22924.0,114,5
228171693,"Материнская плата Z790 GAMING X AX, Socket 1700",GIGABYTE,21146.0,21270.0,125,0
391107337,B650M AORUS PRO AX материнская плата DDR5 СокетAM5,Gigabyte,18660.0,18723.0,63,5
391107338,материнская плата B650M AORUS ELITE AX ICE DDR5 СокетAM5,Gigabyte,16868.0,16931.0,63,5
391107339,СокетAM5 B650M AORUS ELITE AX материнская плата DDR5,Gigabyte,16868.0,16931.0,63,5
391121352,DDR5 B650M AORUS ELITE материнская плата СокетAM5,Gigabyte,15758.0,15821.0,63,5
391121358,материнская плата DDR5 СокетAM5 B650I AX,Gigabyte,15203.0,15266.0,63,5
391121353,B650M GAMING PLUS WIFI материнская плата DDR5 СокетAM5,Gigabyte,13828.0,13890.0,63,5
391462924,B840M D2H материнская плата DDR5 Сокет AM5,Gigabyte,9954.0,10017.0,63,0
391121357,СокетAM5 B650M H материнская плата DDR5,Gigabyte,8567.0,8630.0,63,5
391462923,B840M EAGLE WIFI6 материнская плата DDR5 Сокет AM5,Gigabyte,11330.0,11393.0,63,0
391121354,материнская плата B650M K DDR5 СокетAM5,Gigabyte,10926.0,10988.0,63,5
391121355,B650M D2HP материнская плата DDR5 СокетAM5,Gigabyte,9122.0,9185.0,63,5
390482297,Материнская плата Z890 AORUS ELITE WIFI7 ICE LGA1851,Gigabyte,25424.0,25541.0,118,0
244661466,Z790 AORUS ELITE AX LGA 1700 DDR5 материнская плата,Gigabyte,28904.0,29023.0,120,5
328057212,Материнская плата B850I AORUS PRO с разъемом AM5 Mini-ITX,Gigabyte,23701.0,23751.0,50,5
327982348,B850M GAMING X WIFI6E Сокет AM5 Материнская плата,Gigabyte,17342.0,17409.0,67,5
328051316,Материнская плата B850M DS3H с разъемом AM5,Gigabyte,14452.0,14518.0,67,5
363034957,Материнская плата AM5 X870 AORUS ELITE WIFI7,Gigabyte,29031.0,29144.0,114,0
361685881,B860M D2HX SI Материнская плата LAG1851,Gigabyte,11608.0,11670.0,63,0
363034952,Материнская плата AM5 X870E AORUS MASTER,Gigabyte,52524.0,52637.0,114,0
363034953,AM5 X870E AORUS PRO ICE Материнская плата,Gigabyte,37321.0,37434.0,114,0
363034954,AM5 X870E AORUS ELITE WIFI7 Материнская плата,Gigabyte,30407.0,30520.0,114,0
363034960,X870I AORUS PRO ICE Материнская плата,Gigabyte,27644.0,27734.0,91,0
357034297,Z790M AORUS ELITE AX Материнская плата,Gigabyte,20048.0,20110.0,63,0
363111773,AM5 B850M GAMING X WIFI6E Материнская плата,Gigabyte,17967.0,18029.0,63,5
360388865,Материнская плата B860M H LAG1851,Gigabyte,11064.0,11127.0,63,0
353422219,Z890 AERO G Материнская плата LAG1851,Gigabyte,39402.0,39515.0,114,0
391059901,Материнская плата Z890I AORUS ULTRA LGA1851,Gigabyte,30048.0,30080.0,32,0
355496536,Z890I AORUS ULTRA Материнская плата,Gigabyte,29725.0,29815.0,91,0
386193625,Z890 AORUS ELITE WIFI 7 ICE Материнская плата,Gigabyte,25424.0,25541.0,118,0
363034958,X870 GAMING X WIFI7 Материнская плата AM5,Gigabyte,24187.0,24300.0,114,0
363125120,Материнская плата B850 AORUS ELITE WIFI7 AM5,Gigabyte,23505.0,23618.0,114,5
363125119,Материнская плата B850 AORUS ELITE WIFI7 ICE AM5,Gigabyte,23505.0,23618.0,114,5
355496532,Z890 UD Материнская плата LAG1851,Gigabyte,22811.0,22924.0,114,0
391092546,Материнская плата Z890 UD WIFI6E,Gigabyte,21967.0,22084.0,118,0
391059902,Материнская плата Z890 EAGLE WIFI7 LGA1851,Gigabyte,21955.0,22073.0,118,0
360380832,LAG1851 B860M AORUS PRO WIFI7 Материнская плата,Gigabyte,20048.0,20110.0,63,0
360388866,Материнская плата B860I AORUS PRO ICE,Gigabyte,19354.0,19444.0,91,0
355496535,Z890M GAMING X Материнская плата,Gigabyte,19354.0,19416.0,63,0
360380834,LAG1851 B860M AORUS ELITE WIFI6E Материнская плата,Gigabyte,18660.0,18723.0,63,0
360380835,256 ГБ B860M AORUS ELITE Материнская плата LAG1851,Gigabyte,17284.0,17347.0,63,0
360380836,B860M GAMING X WIFI6E Материнская плата,Gigabyte,16591.0,16653.0,63,0
360380830,256 ГБ B860 EAGLE WIFI6E Материнская плата,Gigabyte,16591.0,16704.0,114,0
360380831,Материнская плата LAG1851 B860 DS3H,Gigabyte,15203.0,15317.0,114,0
360380837,LAG1851 B860M GAMING X Материнская плата,Gigabyte,14510.0,14572.0,63,0
360380838,LAG1851 B860M GAMING WIFI6 Материнская плата,Gigabyte,14510.0,14572.0,63,0
360388861,Материнская плата LAG1851 B860M EAGLE WIFI6,Gigabyte,14244.0,14306.0,63,0
360388860,Материнская плата LAG1851 B860M EAGLE WIFI6 V2,Gigabyte,14244.0,14306.0,63,0
360388862,LAG1851 B860M DS3H Материнская плата,Gigabyte,13550.0,13613.0,63,0
360388863,LAG1851 B860M D3HP Материнская плата,Gigabyte,12163.0,12225.0,63,0
360388864,128ГБ B860M D2H Материнская плата LAG1851,Gigabyte,11746.0,11809.0,63,0
386235316,Z890 I AORUS ULTRA Материнская плата LAG1851,Gigabyte,30048.0,30080.0,32,0
357021257,Z790M AORUS ELITE AX ICE Материнская плата,Gigabyte,20048.0,20110.0,63,0
363111772,AM5 B850M AORUS ELITE WIFI6E ICE Материнская плата,Gigabyte,19354.0,19416.0,63,5
353422217,Z890 AORUS MASTER Материнская плата LAG1851,Gigabyte,52929.0,53042.0,114,0
355367019,Z890 GAMING X WIFI7 Материнская плата,Gigabyte,26464.0,26578.0,114,0
357021253,Z790 EAGLE AX Материнская плата,Gigabyte,20048.0,20161.0,114,0
363034959,Материнская плата X870 EAGLE WIFI7 AM5,Gigabyte,23505.0,23618.0,114,0
357021256,Z790 D Материнская плата,Gigabyte,18383.0,18496.0,114,0
386267550,Z890 UD WIFI 6E Материнская плата LAG1851,Gigabyte,21967.0,22084.0,118,0
357034298,Z790M AORUS ELITE Материнская плата,Gigabyte,18660.0,18723.0,63,0
356936832,Z790 AORUS PRO X WIFI7 Материнская плата,Gigabyte,32488.0,32601.0,114,0
353422218,Z890 AORUS PRO ICE Материнская плата LAG1851,Gigabyte,36627.0,36740.0,114,0
355367017,Z890 AORUS ELITE WIFI7 ICE Материнская плата,Gigabyte,31794.0,31908.0,114,0
355367018,Z890 AORUS ELITE WIFI7 Материнская плата,Gigabyte,31794.0,31908.0,114,0
355367020,Z890 EAGLE WIFI7 Материнская плата,Gigabyte,26268.0,26381.0,114,0
355496531,Z890 UD WIFI6E Материнская плата,Gigabyte,23505.0,23618.0,114,0
355496534,Z890M AORUS ELITE WIFI7 Материнская плата,Gigabyte,22395.0,22457.0,63,0
315212878,"Сист.плата X870 GAMING WF6 1.0, X870, AM5, 4xDIMM DDR5",Gigabyte,34374.0,24077.0,102,0
315675380,"Сист.плата Z890 EAGLE WIFI7 1.0, Z890, 1851, 4xDIMM DDR5",Gigabyte,36300.0,25432.0,112,0
299430888,MW53-HP0 серверная материнская плата W790 LGA 4677,Gigabyte,77450.0,76734.0,59,0
229978573,B650M-K AM5 DDR5,GIGABYTE,13296.0,12963.0,67,5
398945981,Материнская плата X870 GAMING WF6,Gigabyte,48290.0,29248.0,73,0
398946097,Материнская плата Z890 A ELITE WF7,Gigabyte,64490.0,39070.0,105,0
398946198,Материнская плата Z890 GAMING X WIFI7,Gigabyte,58190.0,35267.0,105,0
398946002,Материнская плата Z890 EAGLE WIFI7,Gigabyte,50990.0,30920.0,105,0
398946016,Материнская плата Z890 EAGLE 1.0,Gigabyte,47890.0,29049.0,105,0
398946103,Материнская плата Z890 UD WIFI6E,Gigabyte,45890.0,27841.0,105,0
398946180,Материнская плата Z890 AORUS PRO ICE,Gigabyte,83090.0,50309.0,112,0
312626297,Материнская плата B860M AORUS ELITE WIFI6E LGA1851 Intel B86,Gigabyte,20865.0,17857.0,122,1
219768022,X670E AORUS PRO X,GIGABYTE,33528.0,32636.0,114,1
